ID,Name,Age,Gender,Status
1,User 1,35,Male,Active
2,User 2,35,Female,Active
3,User 3,27,Female,Active
4,User 4,62,Male,Active
5,User 5,62,Male,Inactive
6,User 6,34,Female,Inactive
7,User 7,43,Male,Inactive
8,User 8,49,Female,Active
9,User 9,23,Male,Active
10,User 10,45,Female,Inactive
11,User 11,28,Male,Inactive
12,User 12,59,Female,Inactive
13,User 13,39,Male,Active
14,User 14,35,Male,Inactive
15,User 15,67,Female,Inactive
16,User 16,53,Female,Inactive
17,User 17,36,Male,Active
18,User 18,48,Male,Active
19,User 19,57,Male,Inactive
20,User 20,68,Female,Inactive
21,User 21,43,Male,Inactive
22,User 22,33,Male,Active
23,User 23,48,Male,Inactive
24,User 24,19,Female,Inactive
25,User 25,57,Female,Inactive
26,User 26,17,Male,Active
27,User 27,62,Female,Inactive
28,User 28,30,Male,Active
29,User 29,46,Female,Active
30,User 30,29,Male,Active
